[
  {
    "id": 1,
    "title": "HUAWEI Mate 10 4GB+64GB 全网通版（亮黑色）",
    "price": 3899,
    "time": "2017-03-15",
    "hot": 198,
    "img": "img/1.jpg"
  },
  {
    "id": 2,
    "title": "HUAWEI 麦芒6 4GB+64GB 全网通版（曜石黑）",
    "price": 2399,
    "time": "2017-02-08",
    "hot": 25,
    "img": "img/2.jpg"
  },
  {
    "id": 3,
    "title": "华为畅享7 2GB+16GB 全网通标配版（香槟金）",
    "price": 899,
    "time": "2017-01-25",
    "hot": 568,
    "img": "img/3.jpg"
  },
  {
    "id": 4,
    "title": "HUAWEI nova 2 Plus 4GB+64GB 全网通版（曜石黑）",
    "price": 2399,
    "time": "2016-12-30",
    "hot": 20000,
    "img": "img/4.jpg"
  },
  {
    "id": 5,
    "title": "HUAWEI nova 2 4GB+64GB 全网通版（玫瑰金）",
    "price": 2199,
    "time": "2016-01-30",
    "hot": 1032654,
    "img": "img/5.jpg"
  },
  {
    "id": 6,
    "title": "华为畅享7 Plus 4GB+64GB 全网通高配版（香槟金）",
    "price": 1699,
    "time": "2018-01-01",
    "hot": 1,
    "img": "img/6.jpg"
  },
  {
    "id": 7,
    "title": "HUAWEI nova 青春版 4GB+64GB 全网通版（樱语粉）",
    "price": 1799,
    "time": "2017-02-19",
    "hot": 400,
    "img": "img/7.jpg"
  },
  {
    "id": 8,
    "title": "HUAWEI P10 4GB+64GB 全网通版（曜石黑）",
    "price": 3488,
    "time": "2017-01-25",
    "hot": 240,
    "img": "img/8.jpg"
  },
  {
    "id": 9,
    "title": "HUAWEI P10 Plus 6GB+128GB 全网通版（钻雕金）",
    "price": 4488,
    "time": "2014-01-01",
    "hot": 12345678,
    "img": "img/9.jpg"
  },
  {
    "id": 10,
    "title": "HUAWEI Mate 9 保时捷设计 6GB+256GB 全网通版（曜石黑）",
    "price": 8999,
    "time": "2014-01-01",
    "hot": 12345678,
    "img": "img/10.jpg"
  }
]