[{
	"id": 1,
	"pic": "../img/12.jpg",
	"width": 300,
	"height": 225,
	"title": "泰勒·斯威夫特（Taylor Swift），1989年12月13日出生于美国宾州，美国歌手、演员。2006年出道，同年发行专辑《泰勒·斯威夫特》，该专辑获得美国唱片业协会的白金唱片认证",
	"link": "https://baike.sogou.com/v1850208.htm?fromTitle=%E9%9C%89%E9%9C%89"
}, {
	"id": 2,
	"pic": "../img/6.jpg",
	"width": 300,
	"height": 400,
	"title": "泰勒·斯威夫特（Taylor Swift），1989年12月13日出生于美国宾州，美国歌手、演员。2006年出道，同年发行专辑《泰勒·斯威夫特》，该专辑获得美国唱片业协会的白金唱片认证",
	"link": "https://baike.sogou.com/v1850208.htm?fromTitle=%E9%9C%89%E9%9C%89"
}, {
	"id": 3,
	"pic": "../img/2.jpg",
	"width": 300,
	"height": 300,
	"title": "泰勒·斯威夫特（Taylor Swift），1989年12月13日出生于美国宾州，美国歌手、演员。2006年出道，同年发行专辑《泰勒·斯威夫特》，该专辑获得美国唱片业协会的白金唱片认证",
	"link": "https://baike.sogou.com/v1850208.htm?fromTitle=%E9%9C%89%E9%9C%89"
}, {
	"id": 4,
	"pic": "../img/13.jpg",
	"width": 300,
	"height": 188,
	"title": "泰勒·斯威夫特（Taylor Swift），1989年12月13日出生于美国宾州，美国歌手、演员。2006年出道，同年发行专辑《泰勒·斯威夫特》，该专辑获得美国唱片业协会的白金唱片认证",
	"link": "https://baike.sogou.com/v1850208.htm?fromTitle=%E9%9C%89%E9%9C%89"
}, {
	"id": 5,
	"pic": "../img/1.jpg",
	"width": 300,
	"height": 534,
	"title": "泰勒·斯威夫特（Taylor Swift），1989年12月13日出生于美国宾州，美国歌手、演员。2006年出道，同年发行专辑《泰勒·斯威夫特》，该专辑获得美国唱片业协会的白金唱片认证",
	"link": "https://baike.sogou.com/v1850208.htm?fromTitle=%E9%9C%89%E9%9C%89"
}, {
	"id": 6,
	"pic": "../img/6.jpg",
	"width": 300,
	"height": 400,
	"title": "泰勒·斯威夫特（Taylor Swift），1989年12月13日出生于美国宾州，美国歌手、演员。2006年出道，同年发行专辑《泰勒·斯威夫特》，该专辑获得美国唱片业协会的白金唱片认证",
	"link": "https://baike.sogou.com/v1850208.htm?fromTitle=%E9%9C%89%E9%9C%89"
}, {
	"id": 7,
	"pic": "../img/9.jpg",
	"width": 300,
	"height": 433,
	"title": "泰勒·斯威夫特（Taylor Swift），1989年12月13日出生于美国宾州，美国歌手、演员。2006年出道，同年发行专辑《泰勒·斯威夫特》，该专辑获得美国唱片业协会的白金唱片认证",
	"link": "https://baike.sogou.com/v1850208.htm?fromTitle=%E9%9C%89%E9%9C%89"
}, {
	"id": 8,
	"pic": "../img/9.jpg",
	"width": 300,
	"height": 433,
	"title": "泰勒·斯威夫特（Taylor Swift），1989年12月13日出生于美国宾州，美国歌手、演员。2006年出道，同年发行专辑《泰勒·斯威夫特》，该专辑获得美国唱片业协会的白金唱片认证",
	"link": "https://baike.sogou.com/v1850208.htm?fromTitle=%E9%9C%89%E9%9C%89"
}, {
	"id": 9,
	"pic": "../img/9.jpg",
	"width": 300,
	"height": 433,
	"title": "泰勒·斯威夫特（Taylor Swift），1989年12月13日出生于美国宾州，美国歌手、演员。2006年出道，同年发行专辑《泰勒·斯威夫特》，该专辑获得美国唱片业协会的白金唱片认证",
	"link": "https://baike.sogou.com/v1850208.htm?fromTitle=%E9%9C%89%E9%9C%89"
}, {
	"id": 10,
	"pic": "../img/1.jpg",
	"width": 300,
	"height": 534,
	"title": "泰勒·斯威夫特（Taylor Swift），1989年12月13日出生于美国宾州，美国歌手、演员。2006年出道，同年发行专辑《泰勒·斯威夫特》，该专辑获得美国唱片业协会的白金唱片认证",
	"link": "https://baike.sogou.com/v1850208.htm?fromTitle=%E9%9C%89%E9%9C%89"
}, {
	"id": 11,
	"pic": "../img/8.jpg",
	"width": 300,
	"height": 400,
	"title": "泰勒·斯威夫特（Taylor Swift），1989年12月13日出生于美国宾州，美国歌手、演员。2006年出道，同年发行专辑《泰勒·斯威夫特》，该专辑获得美国唱片业协会的白金唱片认证",
	"link": "https://baike.sogou.com/v1850208.htm?fromTitle=%E9%9C%89%E9%9C%89"
}, {
	"id": 12,
	"pic": "../img/8.jpg",
	"width": 300,
	"height": 400,
	"title": "泰勒·斯威夫特（Taylor Swift），1989年12月13日出生于美国宾州，美国歌手、演员。2006年出道，同年发行专辑《泰勒·斯威夫特》，该专辑获得美国唱片业协会的白金唱片认证",
	"link": "https://baike.sogou.com/v1850208.htm?fromTitle=%E9%9C%89%E9%9C%89"
}, {
	"id": 13,
	"pic": "../img/13.jpg",
	"width": 300,
	"height": 188,
	"title": "泰勒·斯威夫特（Taylor Swift），1989年12月13日出生于美国宾州，美国歌手、演员。2006年出道，同年发行专辑《泰勒·斯威夫特》，该专辑获得美国唱片业协会的白金唱片认证",
	"link": "https://baike.sogou.com/v1850208.htm?fromTitle=%E9%9C%89%E9%9C%89"
}, {
	"id": 14,
	"pic": "../img/8.jpg",
	"width": 300,
	"height": 400,
	"title": "泰勒·斯威夫特（Taylor Swift），1989年12月13日出生于美国宾州，美国歌手、演员。2006年出道，同年发行专辑《泰勒·斯威夫特》，该专辑获得美国唱片业协会的白金唱片认证",
	"link": "https://baike.sogou.com/v1850208.htm?fromTitle=%E9%9C%89%E9%9C%89"
}, {
	"id": 15,
	"pic": "../img/13.jpg",
	"width": 300,
	"height": 188,
	"title": "泰勒·斯威夫特（Taylor Swift），1989年12月13日出生于美国宾州，美国歌手、演员。2006年出道，同年发行专辑《泰勒·斯威夫特》，该专辑获得美国唱片业协会的白金唱片认证",
	"link": "https://baike.sogou.com/v1850208.htm?fromTitle=%E9%9C%89%E9%9C%89"
}, {
	"id": 16,
	"pic": "../img/9.jpg",
	"width": 300,
	"height": 433,
	"title": "泰勒·斯威夫特（Taylor Swift），1989年12月13日出生于美国宾州，美国歌手、演员。2006年出道，同年发行专辑《泰勒·斯威夫特》，该专辑获得美国唱片业协会的白金唱片认证",
	"link": "https://baike.sogou.com/v1850208.htm?fromTitle=%E9%9C%89%E9%9C%89"
}, {
	"id": 17,
	"pic": "../img/1.jpg",
	"width": 300,
	"height": 534,
	"title": "泰勒·斯威夫特（Taylor Swift），1989年12月13日出生于美国宾州，美国歌手、演员。2006年出道，同年发行专辑《泰勒·斯威夫特》，该专辑获得美国唱片业协会的白金唱片认证",
	"link": "https://baike.sogou.com/v1850208.htm?fromTitle=%E9%9C%89%E9%9C%89"
}, {
	"id": 18,
	"pic": "../img/13.jpg",
	"width": 300,
	"height": 188,
	"title": "泰勒·斯威夫特（Taylor Swift），1989年12月13日出生于美国宾州，美国歌手、演员。2006年出道，同年发行专辑《泰勒·斯威夫特》，该专辑获得美国唱片业协会的白金唱片认证",
	"link": "https://baike.sogou.com/v1850208.htm?fromTitle=%E9%9C%89%E9%9C%89"
}, {
	"id": 19,
	"pic": "../img/11.jpg",
	"width": 300,
	"height": 408,
	"title": "泰勒·斯威夫特（Taylor Swift），1989年12月13日出生于美国宾州，美国歌手、演员。2006年出道，同年发行专辑《泰勒·斯威夫特》，该专辑获得美国唱片业协会的白金唱片认证",
	"link": "https://baike.sogou.com/v1850208.htm?fromTitle=%E9%9C%89%E9%9C%89"
}, {
	"id": 20,
	"pic": "../img/12.jpg",
	"width": 300,
	"height": 225,
	"title": "泰勒·斯威夫特（Taylor Swift），1989年12月13日出生于美国宾州，美国歌手、演员。2006年出道，同年发行专辑《泰勒·斯威夫特》，该专辑获得美国唱片业协会的白金唱片认证",
	"link": "https://baike.sogou.com/v1850208.htm?fromTitle=%E9%9C%89%E9%9C%89"
}, {
	"id": 21,
	"pic": "../img/2.jpg",
	"width": 300,
	"height": 300,
	"title": "泰勒·斯威夫特（Taylor Swift），1989年12月13日出生于美国宾州，美国歌手、演员。2006年出道，同年发行专辑《泰勒·斯威夫特》，该专辑获得美国唱片业协会的白金唱片认证",
	"link": "https://baike.sogou.com/v1850208.htm?fromTitle=%E9%9C%89%E9%9C%89"
}, {
	"id": 22,
	"pic": "../img/5.jpg",
	"width": 300,
	"height": 200,
	"title": "泰勒·斯威夫特（Taylor Swift），1989年12月13日出生于美国宾州，美国歌手、演员。2006年出道，同年发行专辑《泰勒·斯威夫特》，该专辑获得美国唱片业协会的白金唱片认证",
	"link": "https://baike.sogou.com/v1850208.htm?fromTitle=%E9%9C%89%E9%9C%89"
}, {
	"id": 23,
	"pic": "../img/9.jpg",
	"width": 300,
	"height": 433,
	"title": "泰勒·斯威夫特（Taylor Swift），1989年12月13日出生于美国宾州，美国歌手、演员。2006年出道，同年发行专辑《泰勒·斯威夫特》，该专辑获得美国唱片业协会的白金唱片认证",
	"link": "https://baike.sogou.com/v1850208.htm?fromTitle=%E9%9C%89%E9%9C%89"
}, {
	"id": 24,
	"pic": "../img/5.jpg",
	"width": 300,
	"height": 200,
	"title": "泰勒·斯威夫特（Taylor Swift），1989年12月13日出生于美国宾州，美国歌手、演员。2006年出道，同年发行专辑《泰勒·斯威夫特》，该专辑获得美国唱片业协会的白金唱片认证",
	"link": "https://baike.sogou.com/v1850208.htm?fromTitle=%E9%9C%89%E9%9C%89"
}, {
	"id": 25,
	"pic": "../img/7.jpg",
	"width": 300,
	"height": 200,
	"title": "泰勒·斯威夫特（Taylor Swift），1989年12月13日出生于美国宾州，美国歌手、演员。2006年出道，同年发行专辑《泰勒·斯威夫特》，该专辑获得美国唱片业协会的白金唱片认证",
	"link": "https://baike.sogou.com/v1850208.htm?fromTitle=%E9%9C%89%E9%9C%89"
}, {
	"id": 26,
	"pic": "../img/11.jpg",
	"width": 300,
	"height": 408,
	"title": "泰勒·斯威夫特（Taylor Swift），1989年12月13日出生于美国宾州，美国歌手、演员。2006年出道，同年发行专辑《泰勒·斯威夫特》，该专辑获得美国唱片业协会的白金唱片认证",
	"link": "https://baike.sogou.com/v1850208.htm?fromTitle=%E9%9C%89%E9%9C%89"
}, {
	"id": 27,
	"pic": "../img/10.jpg",
	"width": 300,
	"height": 257,
	"title": "泰勒·斯威夫特（Taylor Swift），1989年12月13日出生于美国宾州，美国歌手、演员。2006年出道，同年发行专辑《泰勒·斯威夫特》，该专辑获得美国唱片业协会的白金唱片认证",
	"link": "https://baike.sogou.com/v1850208.htm?fromTitle=%E9%9C%89%E9%9C%89"
}, {
	"id": 28,
	"pic": "../img/12.jpg",
	"width": 300,
	"height": 225,
	"title": "泰勒·斯威夫特（Taylor Swift），1989年12月13日出生于美国宾州，美国歌手、演员。2006年出道，同年发行专辑《泰勒·斯威夫特》，该专辑获得美国唱片业协会的白金唱片认证",
	"link": "https://baike.sogou.com/v1850208.htm?fromTitle=%E9%9C%89%E9%9C%89"
}, {
	"id": 29,
	"pic": "../img/12.jpg",
	"width": 300,
	"height": 225,
	"title": "泰勒·斯威夫特（Taylor Swift），1989年12月13日出生于美国宾州，美国歌手、演员。2006年出道，同年发行专辑《泰勒·斯威夫特》，该专辑获得美国唱片业协会的白金唱片认证",
	"link": "https://baike.sogou.com/v1850208.htm?fromTitle=%E9%9C%89%E9%9C%89"
}, {
	"id": 30,
	"pic": "../img/10.jpg",
	"width": 300,
	"height": 257,
	"title": "泰勒·斯威夫特（Taylor Swift），1989年12月13日出生于美国宾州，美国歌手、演员。2006年出道，同年发行专辑《泰勒·斯威夫特》，该专辑获得美国唱片业协会的白金唱片认证",
	"link": "https://baike.sogou.com/v1850208.htm?fromTitle=%E9%9C%89%E9%9C%89"
}, {
	"id": 31,
	"pic": "../img/2.jpg",
	"width": 300,
	"height": 300,
	"title": "泰勒·斯威夫特（Taylor Swift），1989年12月13日出生于美国宾州，美国歌手、演员。2006年出道，同年发行专辑《泰勒·斯威夫特》，该专辑获得美国唱片业协会的白金唱片认证",
	"link": "https://baike.sogou.com/v1850208.htm?fromTitle=%E9%9C%89%E9%9C%89"
}, {
	"id": 32,
	"pic": "../img/2.jpg",
	"width": 300,
	"height": 300,
	"title": "泰勒·斯威夫特（Taylor Swift），1989年12月13日出生于美国宾州，美国歌手、演员。2006年出道，同年发行专辑《泰勒·斯威夫特》，该专辑获得美国唱片业协会的白金唱片认证",
	"link": "https://baike.sogou.com/v1850208.htm?fromTitle=%E9%9C%89%E9%9C%89"
}, {
	"id": 33,
	"pic": "../img/6.jpg",
	"width": 300,
	"height": 400,
	"title": "泰勒·斯威夫特（Taylor Swift），1989年12月13日出生于美国宾州，美国歌手、演员。2006年出道，同年发行专辑《泰勒·斯威夫特》，该专辑获得美国唱片业协会的白金唱片认证",
	"link": "https://baike.sogou.com/v1850208.htm?fromTitle=%E9%9C%89%E9%9C%89"
}, {
	"id": 34,
	"pic": "../img/2.jpg",
	"width": 300,
	"height": 300,
	"title": "泰勒·斯威夫特（Taylor Swift），1989年12月13日出生于美国宾州，美国歌手、演员。2006年出道，同年发行专辑《泰勒·斯威夫特》，该专辑获得美国唱片业协会的白金唱片认证",
	"link": "https://baike.sogou.com/v1850208.htm?fromTitle=%E9%9C%89%E9%9C%89"
}, {
	"id": 35,
	"pic": "../img/9.jpg",
	"width": 300,
	"height": 433,
	"title": "泰勒·斯威夫特（Taylor Swift），1989年12月13日出生于美国宾州，美国歌手、演员。2006年出道，同年发行专辑《泰勒·斯威夫特》，该专辑获得美国唱片业协会的白金唱片认证",
	"link": "https://baike.sogou.com/v1850208.htm?fromTitle=%E9%9C%89%E9%9C%89"
}, {
	"id": 36,
	"pic": "../img/12.jpg",
	"width": 300,
	"height": 225,
	"title": "泰勒·斯威夫特（Taylor Swift），1989年12月13日出生于美国宾州，美国歌手、演员。2006年出道，同年发行专辑《泰勒·斯威夫特》，该专辑获得美国唱片业协会的白金唱片认证",
	"link": "https://baike.sogou.com/v1850208.htm?fromTitle=%E9%9C%89%E9%9C%89"
}, {
	"id": 37,
	"pic": "../img/4.jpg",
	"width": 300,
	"height": 451,
	"title": "泰勒·斯威夫特（Taylor Swift），1989年12月13日出生于美国宾州，美国歌手、演员。2006年出道，同年发行专辑《泰勒·斯威夫特》，该专辑获得美国唱片业协会的白金唱片认证",
	"link": "https://baike.sogou.com/v1850208.htm?fromTitle=%E9%9C%89%E9%9C%89"
}, {
	"id": 38,
	"pic": "../img/10.jpg",
	"width": 300,
	"height": 257,
	"title": "泰勒·斯威夫特（Taylor Swift），1989年12月13日出生于美国宾州，美国歌手、演员。2006年出道，同年发行专辑《泰勒·斯威夫特》，该专辑获得美国唱片业协会的白金唱片认证",
	"link": "https://baike.sogou.com/v1850208.htm?fromTitle=%E9%9C%89%E9%9C%89"
}, {
	"id": 39,
	"pic": "../img/2.jpg",
	"width": 300,
	"height": 300,
	"title": "泰勒·斯威夫特（Taylor Swift），1989年12月13日出生于美国宾州，美国歌手、演员。2006年出道，同年发行专辑《泰勒·斯威夫特》，该专辑获得美国唱片业协会的白金唱片认证",
	"link": "https://baike.sogou.com/v1850208.htm?fromTitle=%E9%9C%89%E9%9C%89"
}, {
	"id": 40,
	"pic": "../img/9.jpg",
	"width": 300,
	"height": 433,
	"title": "泰勒·斯威夫特（Taylor Swift），1989年12月13日出生于美国宾州，美国歌手、演员。2006年出道，同年发行专辑《泰勒·斯威夫特》，该专辑获得美国唱片业协会的白金唱片认证",
	"link": "https://baike.sogou.com/v1850208.htm?fromTitle=%E9%9C%89%E9%9C%89"
}, {
	"id": 41,
	"pic": "../img/7.jpg",
	"width": 300,
	"height": 200,
	"title": "泰勒·斯威夫特（Taylor Swift），1989年12月13日出生于美国宾州，美国歌手、演员。2006年出道，同年发行专辑《泰勒·斯威夫特》，该专辑获得美国唱片业协会的白金唱片认证",
	"link": "https://baike.sogou.com/v1850208.htm?fromTitle=%E9%9C%89%E9%9C%89"
}, {
	"id": 42,
	"pic": "../img/11.jpg",
	"width": 300,
	"height": 408,
	"title": "泰勒·斯威夫特（Taylor Swift），1989年12月13日出生于美国宾州，美国歌手、演员。2006年出道，同年发行专辑《泰勒·斯威夫特》，该专辑获得美国唱片业协会的白金唱片认证",
	"link": "https://baike.sogou.com/v1850208.htm?fromTitle=%E9%9C%89%E9%9C%89"
}, {
	"id": 43,
	"pic": "../img/2.jpg",
	"width": 300,
	"height": 300,
	"title": "泰勒·斯威夫特（Taylor Swift），1989年12月13日出生于美国宾州，美国歌手、演员。2006年出道，同年发行专辑《泰勒·斯威夫特》，该专辑获得美国唱片业协会的白金唱片认证",
	"link": "https://baike.sogou.com/v1850208.htm?fromTitle=%E9%9C%89%E9%9C%89"
}, {
	"id": 44,
	"pic": "../img/2.jpg",
	"width": 300,
	"height": 300,
	"title": "泰勒·斯威夫特（Taylor Swift），1989年12月13日出生于美国宾州，美国歌手、演员。2006年出道，同年发行专辑《泰勒·斯威夫特》，该专辑获得美国唱片业协会的白金唱片认证",
	"link": "https://baike.sogou.com/v1850208.htm?fromTitle=%E9%9C%89%E9%9C%89"
}, {
	"id": 45,
	"pic": "../img/4.jpg",
	"width": 300,
	"height": 451,
	"title": "泰勒·斯威夫特（Taylor Swift），1989年12月13日出生于美国宾州，美国歌手、演员。2006年出道，同年发行专辑《泰勒·斯威夫特》，该专辑获得美国唱片业协会的白金唱片认证",
	"link": "https://baike.sogou.com/v1850208.htm?fromTitle=%E9%9C%89%E9%9C%89"
}, {
	"id": 46,
	"pic": "../img/13.jpg",
	"width": 300,
	"height": 188,
	"title": "泰勒·斯威夫特（Taylor Swift），1989年12月13日出生于美国宾州，美国歌手、演员。2006年出道，同年发行专辑《泰勒·斯威夫特》，该专辑获得美国唱片业协会的白金唱片认证",
	"link": "https://baike.sogou.com/v1850208.htm?fromTitle=%E9%9C%89%E9%9C%89"
}, {
	"id": 47,
	"pic": "../img/11.jpg",
	"width": 300,
	"height": 408,
	"title": "泰勒·斯威夫特（Taylor Swift），1989年12月13日出生于美国宾州，美国歌手、演员。2006年出道，同年发行专辑《泰勒·斯威夫特》，该专辑获得美国唱片业协会的白金唱片认证",
	"link": "https://baike.sogou.com/v1850208.htm?fromTitle=%E9%9C%89%E9%9C%89"
}, {
	"id": 48,
	"pic": "../img/11.jpg",
	"width": 300,
	"height": 408,
	"title": "泰勒·斯威夫特（Taylor Swift），1989年12月13日出生于美国宾州，美国歌手、演员。2006年出道，同年发行专辑《泰勒·斯威夫特》，该专辑获得美国唱片业协会的白金唱片认证",
	"link": "https://baike.sogou.com/v1850208.htm?fromTitle=%E9%9C%89%E9%9C%89"
}, {
	"id": 49,
	"pic": "../img/8.jpg",
	"width": 300,
	"height": 400,
	"title": "泰勒·斯威夫特（Taylor Swift），1989年12月13日出生于美国宾州，美国歌手、演员。2006年出道，同年发行专辑《泰勒·斯威夫特》，该专辑获得美国唱片业协会的白金唱片认证",
	"link": "https://baike.sogou.com/v1850208.htm?fromTitle=%E9%9C%89%E9%9C%89"
}, {
	"id": 50,
	"pic": "../img/11.jpg",
	"width": 300,
	"height": 408,
	"title": "泰勒·斯威夫特（Taylor Swift），1989年12月13日出生于美国宾州，美国歌手、演员。2006年出道，同年发行专辑《泰勒·斯威夫特》，该专辑获得美国唱片业协会的白金唱片认证",
	"link": "https://baike.sogou.com/v1850208.htm?fromTitle=%E9%9C%89%E9%9C%89"
}]