[{
	"name":"前端开发基础",
	"children":[
		{
			"name":"HTML5核心知识",
			"children":[
				{"name":"新增语义化标签"},
				{"name":"表单元素新特性"},
				{"name":"音视屏处理"},
				{"name":"canvas和webGL"},
				{"name":"新增JS中的API"}
			]
		},
		{
			"name":"CSS3核心知识",
			"children":[
				{"name":"新增选择器"},
				{"name":"字体图标"},
				{"name":"常用的样式属性"},
				{"name":"背景的处理"},
				{"name":"transform变形"},
				{
					"name":"CSS3动画",
					"children":[
						{"name":"transition过度动画"},
						{"name":"animation帧动画"},
						{"name":"3D动画的处理"}
					]
				},
				{
					"name":"新盒子模型属性",
					"children":[
						{"name":"flex弹性盒子模型"},
						{"name":"box-sizing新盒子模型属性"},
						{"name":"cloumns多列布局"}
					]
				}
			]
		},
		{
			"name":"实战案例和布局技巧",
			"children":[
				{
					"name":"实战案例练习",
					"children":[
						{"name":"居中处理"},
						{"name":"同行排列"},
						{"name":"圣杯布局"},
						{"name":"双飞翼布局"},
						{"name":"滑动门"},
						{"name":"面包屑导航"}
					]
				},
				{
					"name":"响应式布局开发",
					"children":[
						{"name":"viewport和dpi适配"},
						{"name":"@media媒体查询"},
						{"name":"rem等比缩放"},
						{"name":"百分比布局"}
					]
				}
			]
		}
	]
},{
	"name":"前端开发核心",
	"children":[
		{
			"name":"JS（ES6）核心",
			"children":[
				{"name":"基础知识"},
				{"name":"闭包作用域及堆栈内存"},
				{"name":"面向对象和THIS处理"},
				{"name":"同步异步（事件循环、微任务、宏任务）"},
				{"name":"DOM事件和事件委托"},
				{"name":"设计模式"}
			]
		},
		{
			"name":"AJAX前后端交互",
			"children":[
				{"name":"AJAX基础知识"},
				{"name":"跨域策略请求"},
				{"name":"TCP协议相关基础知识"},
				{"name":"性能和安全的初步优化"},
				{"name":"常用的AJAX库和插件"}
			]
		},
		{
			"name":"底层原理和高阶JS函数",
			"children":[
				{"name":"函数柯里化"},
				{"name":"compos函数"},
				{"name":"惰性思想"},
				{"name":"组件插件封装"},
				{"name":"底层源码解读"}
			]
		}
	]
},{
	"name":"前端工程化",
	"children":[
		{
			"name":"VUE全家桶",
			"children":[
				{"name":"基础知识"},
				{"name":"MVVM实现原理"},
				{"name":"路由处理"},
				{"name":"vuex公共状态管理"},
				{"name":"element-ui组件应用和二次封装"}
			]
		},
		{
			"name":"REACT全家桶",
			"children":[
				{"name":"基础知识"},
				{"name":"MVC实现原理"},
				{"name":"DOM DIFF"},
				{"name":"Virtual DOM"},
				{"name":"路由处理"},
				{
					"name":"公共状态管理",
					"children":[
						{"name":"REACT-REDUX、DAVS/SAGA等"},
						{"name":"compos函数"},
						{"name":"惰性思想"},
						{"name":"组件插件封装"},
						{"name":"底层源码解读"}
					]
				},
				{"name":"高阶租价"},
				{"name":"antd组件应用和二次封装"}
			]
		},
		{
			"name":"底层原理和高阶JS函数",
			"children":[
				{"name":"函数柯里化"},
				{"name":"compos函数"},
				{"name":"惰性思想"},
				{"name":"组件插件封装"},
				{"name":"底层源码解读"}
			]
		},
		{
			"name":"工程化开发部署",
			"children":[
				{"name":"webpack"},
				{"name":"git"},
				{"name":"linux"}
			]
		}
	]
},{
	"name":"前端开发热门点",
	"children":[
		{"name":"TypeScript"},
		{"name":"flutter"},
		{"name":"react native"},
		{"name":"小程序"},
		{"name":"性能和安全的优化"}
	]
}]